id,date,comment,folder_name,photo_count
1,1398096700342,,,0
2,1398443901876,,,0
3,1398723137533,,,0
4,1398873327999,,,0
5,1399312131038,,,0
6,1399482698379,,,0
7,1399919153968,,,0
8,1400179802402,,,0
9,1400257958735,,,0
10,1400515160195,,,0
11,1400691381042,,,0
12,1400855347376,,,0
13,1401457478647,,,0
14,1402330872453,,,0
15,1403282005490,,,0
16,1403543036806,,,0
17,1403716549294,,,0
18,1404319536405,,,0
19,1404493035109,,,0
20,1405093989763,,,0
21,1405530360441,,,0
22,1405757922679,,,0
23,1405958581228,,,0
24,1406132728706,,,0
25,1406303014294,,,0
26,1406559682355,,,0
27,1406737861958,,,0
28,1406905356249,,,0
29,1407170031226,,,0
30,1407341840934,,,0
31,1407511769354,,,0
32,1407776044619,,,0
33,1407948654873,,,0
34,1408114384933,,,0
35,1408381206564,,,0
36,1408552898476,,,0
37,1409158013644,,,0
38,1409402508590,,,0
39,1409587564066,,,0
40,1411143682946,,,0
41,1411396560181,,,0
42,1411581110059,,,0
43,1411756352404,,,0
44,1412009883435,,,0
45,1412182982926,,,0
46,1412349684470,,,0
47,1412612912790,,,0
48,1412787262818,,,0
49,1412954744697,,,0
50,1413220239297,,,0
51,1413393258707,,,0
52,1413825257798,,,0
53,1414000556240,,,0
54,1414167897212,,,0
55,1414610656196,,,0
56,1414780951485,,,0
57,1415379609898,,,0
58,1415659702018,,,0
59,1415817770341,,,0
60,1415982770548,,,0
61,1416246706677,,,0
62,1416591168338,,,0
63,1416851100549,,,0
64,1417626150391,После болезги,,0
65,1419266332455,После бронхита,,0
66,1421080088066,,,0
67,1421255942343,,,0
68,1421687901465,,,0
69,1421859596474,,,0
70,1422101870542,,,0
71,1422463782792,,,0
72,1422895699548,,,0
73,1423071864650,,,0
74,1423240662151,,,0
75,1423503602128,,,0
76,1423674531206,,,0
77,1423845350451,,,0
78,1424105808782,,,0
79,1424451217964,,,0
80,1425315059209,,,0
81,1425484906080,,,0
82,1425657830841,,,0
83,1426097120353,,,0
84,1426265168968,,,0
85,1426706339965,,,0
86,1426954050984,,,0
87,1427134790752,,,0
88,1427301781169,,,0
89,1427474222414,,,0
90,1427910784974,,,0
91,1428076142439,,,0
92,1428513293558,,,0
93,1428684893322,,,0
94,1428944811991,,,0
95,1429287871549,,,0
96,1429723040725,,,0
97,1429897313948,,,0
98,1430245633147,,,0
99,1430330387142,,,0
100,1430935874478,,,0
101,1431455086373,,,0
102,1431975060173,,,0
103,1432579911711,,,0
104,1432918947958,,,0
105,1433177979286,,,0
106,1433521235310,,,0
107,1433788185817,,,0
108,1433961572252,,,0
109,1435337983583,,,0
110,1435604137387,,,0
111,1435775660258,,,0
112,1436553143271,,,0
113,1436815162281,,,0
114,1436984575970,,,0
115,1437413222781,,,0
116,1437756712837,,,0
117,1438365843036,,,0
118,1438802193454,,,0
119,1439579702789,,,0
120,1440012876044,,,0
121,1440444781325,,,0
122,1443464936952,,,0
123,1443809732691,,,0
124,1444242345900,,,0
125,1444402241519,,,0
126,1444847461555,,,0
127,1447694171798,,,0
128,1448040916893,,,0
129,1449085858210,,,0
130,1449685813827,,,0
131,1450891489302,,,0
132,1452099478698,,,0
133,1452711196136,,,0
134,1454691093085,,,0
