id,date,time,comment,finished,name,complex_id
2,1397833209334,38401,,1,Жим ногами + дотяг,0
3,1398092855598,3645864,,1,Жим 105 3х4,0
4,1398265925112,8560896,,1,Доседы 210 и тяга,0
5,1398436436513,7451875,,1,Тяжелый жим+слинг,0
6,1398697968187,5561362,,1,Легкий присед. Тяга яма+плинты,0
7,1398868470723,4815200,,1,Жим пирамида 117,0
8,1399303019293,9090792,,1,Полуприсед 220 2х2 и тяга,0
9,1399476391757,6226770,,1,Тяж жим пирамида 122,0
11,1399913194797,5941404,,1,Присед 160 тяга 180,0
13,1400166927398,3224255,,1,Легкий жим 100 4/3,0
14,1400251379645,6514184,,1,"Легкий присед, тяга плинты 200",0
15,1400512728608,2415125,,1,Легкий жим 110 3х3,0
16,1400685993486,5348757,,1,Присед 190 3х2 и все,0
17,1400854027724,1299155,,1,Жим легкий 100 3х3 и все,0
18,1401118092825,5048296,,1,Присед 160 3х2 и легк стан,0
19,1401291638426,1402759,,1,Жим 100 5х2 и все,0
20,1401456161375,1301225,,1,Легкая тяга 140 5х2 и все,0
21,1401722045678,2953775,,1,Проходка жим,0
22,1401895938726,4472365,,1,Прходка присед,0
23,1402327231179,3625341,,1,Проходка тяга,0
24,1403276216298,5760965,,1,Легкий жим 100 5х3 после перерыва,0
25,1403537504518,5488826,,1,Присед 160 3х2 тяга 140 2х4,0
26,1403711019830,5274429,,1,Жим 102 4х2 + П-гриф,0
27,1404143394524,5412845,,1,Тяга с ямы 160 3х2 с плинтов 190 2х1,0
28,1404315541771,3917392,,1,Жим 100 3х2 110 2х1,0
29,1404484229552,8780051,,1,"Присед пирамида до 175, тяга 145 2х3",0
30,1404744962240,5469119,,1,Жим в слинге 130 4х3,0
31,1404918655345,4258823,,1,Присед 130 4х3 Тяга яма 150 3х4 подст 190 2х3,0
32,1405088617102,5358204,,1,"Жим 110 5х2, жим с паузой, жим П-грифа",0
33,1405354227364,9493561,,1,"Присед 160 5х5, на скамью 120 4х4, тяга 140 4х4",0
34,1405523540748,6807560,,1,"Жим слинг 120,130 2х2 лежа 90 4х4, плечи трицепс",0
35,1405693026343,7324227,,1,Присед 120 4х4 тяга 180 4х3,0
36,1405955366545,3197023,,1,Легкий жим,0
37,1406126955142,5748952,,1,Легкий жим ногами 4х8,0
38,1406298882422,4119894,,1,Легкий жим 90 5х5,0
39,1406555980388,3688286,,1,"Яма 140,160х4 плинты 190х4 200х3",0
40,1406731370018,6471993,,1,"Прох в слинге, жим 100 5х5",0
41,1406901828808,3513585,Сгибания-разгибания в суперсэте,1,"Ноги сгиб-разгиб, тяга 130 4х4 наклоны",0
42,1407164861670,5031239,,1,Плечи,0
43,1407337540099,4285288,,1,Прходка присед,0
44,1407505959600,5786453,,1,Жим слинг 135 3х3 жим 102 3х4 триц,0
45,1407770368832,5664559,,1,Присед скам 150 4х3 с паузой 130 3х4 тяга 150,0
46,1407944052750,4588446,,1,Слинг 130 4х4 жим 100 4х2,0
47,1408111864404,2503674,,1,Тяга 190 3х2 и все,0
48,1408375317060,5875250,,1,"Жим с паузой 100 6х4 П-гриф, плечи, трицепс",0
49,1408548425868,4454568,,1,Легк присед с паузой тяга до 200 2х2,0
50,1409154536868,3360200,,1,"После болезни жим 100 5х5, бабочка трицепс",0
51,1409398416330,4079705,,1,После болезни жим ногами и тяга,0
52,1409584844446,2708510,,1,Жим 105 2х3 плечи спина,0
53,1411137824627,5828049,,1,После отпуска присед 140 жим 100,0
54,1411393019188,3524345,,1,Легкие присед 120 и тяга яма 140,0
55,1411574697856,6399194,,1,"Жим 105 5х3, П-гриф плечи трицепс",0
56,1411746709336,9584525,,1,Присед скам 130 тяга яма 160 5х3 плинты 190 4х3 200х1,0
57,1412005298997,4569240,,1,Жим гантелей 5х12 плечи,0
58,1412178919458,4052570,,1,"Присед скам до 155, с паузой 120 тяга 140",0
59,1412341666749,7995593,,1,"Дожимы, жим 107 5х3, плечи трицепс",0
60,1412606872105,6009259,,1,"Присед 160 2х3 170 2х1 сгибания, тяга 130",0
61,1412782342253,4907945,,1,Жим с паузой 85-95 9х3 плечи,0
62,1412951030640,3699874,,1,Присед пауза 135 2х3 тяга яма 175х2 плинты 200х1,0
63,1413215014869,5206708,,1,"Жим пауза 85-95, плечи трицепс",0
64,1413386521743,6724612,,1,Присед 177 3х2 тяга плинты 175 2х6,0
65,1413820840768,4393277,,1,"Жим пауза 2с 85-95, плечи, спина, бицепс",0
66,1413992475158,8048566,,1,Присед 180 2х2 тяга подст 190 2х2 ,0
67,1414162703649,5034129,,1,Жим пауза 3с 90-100 9/3 плечи трицепс,0
68,1414600824092,9814238,,1,Присед 180 3х3 сгиб-разгиб-наклоны,0
69,1414774417563,6471011,,1,Жим пауза 90-100 брус 120 спина бицепс,0
70,1415204924224,4482596,,1,Тяга яма 140 160 подст 190 3х1 присед 140х6,0
71,1415374918247,4667178,,1,Жим пауза 2с 3/5/3 90-100 плечи,0
72,1415639410458,6459463,,1,Жим ногами 5х6 спина,0
73,1415810813303,6939646,,1,Жим пауза 2с 3х3 95-105 спина бицепс,0
74,1415979738838,3013936,,1,Тяга с паузами 120-160х3 тяга 175/ плинты 190/3,0
75,1416240930072,5750835,,1,Жим слинг 135 5х3 трицепс,0
76,1416413462840,4628589,,1,Присед до 185х2 тяга 140 2х4 гипер,0
77,1416588826128,2323836,,1,Тяга 150 5х5 присед 120х5,0
78,1416844882245,6184408,,1,Жим пауза 3с 95-105 9х3 грудь плечи,0
79,1417620588490,5543802,,1,После болезни сед 160 4х3 жим 100 5х5,0
80,1419264180393,2113915,,1,После бронхита легк жим тяга ноги,0
81,1420812276721,2454791,,1,После бронхита легк жим тяга ноги,0
82,1421077677148,2388363,,1,После болезни вторая-тренажеры,0
83,1421253013756,2911265,,1,После болезни третья-тренажеры,0
84,1421682719675,5164695,,1,Легкий жим плечи,0
85,1421855874665,3706073,,1,Восстанавливаюсь.. жим ногами ноги тяга,0
86,1422096197898,5653817,,1,Жим 100 5х3 плечи спина бицепс,0
87,1422284616104,2995478,,1,Тяга 160 2х2 плинты 180 2х2 первая после болезги,0
88,1422458714622,5025356,,1,Жим пауза 80-90 9х3 разводка плечи спина бицепс,0
89,1422627306129,3530383,,1,Тяга плинты 180 3х3 190х1 тяга 140 2х4,0
90,1422891092103,4582686,,1,Жим пауза 3 с 80-90 9х3 плечи трицепс,0
91,1423065028033,6800876,,1,Присед 175 3х1 тяга 140 3х4 сгиб разгиб,0
92,1423234196487,6387800,,1,Жим пауза 5с 80-90 9х3 грудь плечи бицепс,0
93,1423496804675,6775553,,1,Присед 140 3х4 тяга 175 3х3 гипер,0
94,1423669739206,4770623,,1,Жим пауза 80-90 3/5/3 грудь трицепс,0
95,1423837942443,7385259,,1,Присед лавка 140 4х4 полн 170 3х2 тяга 170 2х5 плинты,0
96,1424100019648,5768147,,1,Жим пауза 2с 85-95 9х3 дожим 120 3х2 спина бицепс,0
97,1424274910493,5751316,,1,Присед пауза 130 3х4 тяга яма 155 4з3 с паузами 130 3х3,0
98,1424443171624,8000746,,1,Жим пауза 85-95 9х3 3с слинг 130 4х4 плчи трицепс,0
99,1425310193643,4849418,,1,После болезни жим присед тяга,0
100,1425479618267,5265895,,1,Жим пауза 2с 85-95 9х3 плечи трицепс,0
101,1425653098278,4715687,,1,"Присед пауза 125 3х4 тяга яма 140-160, пожст 180/6",0
103,1426089617939,7473083,,1,Жим пауза 3с 85-95 9х3 спина бицепс,0
104,1426259905528,5246546,,1,"Присед пауза140х3, тяга пауза 170х2 подст 190 3х2",0
105,1426700099943,6171081,,1,Жим пауза 5с 85-95 плечи бицепс трицепс,0
106,1426947162547,6844407,,1,Присед 140 4х4 тяга яма 170 3х1 плинты 190 3х2,0
107,1427127134178,7599660,,1,"Жим пауза 85-95 3/5/3 жим гант,спина плнчи",0
108,1427297624215,4130131,,1,"Присед 140,165 2х3 тяга 130 2х4 гипер 20 кг",0
109,1427468211546,5964569,,1,Жим пауза 90-100 2с 9х3 плечи трицепс,0
110,1427733156885,3689908,,1,Присед пауза 125 3х4 тяга пауза 140 4х3 плинты 180х6,0
111,1427902264196,8482414,,1,Дим пауза 90-100 9х3 3с дожимы трицепс плечи,0
112,1428070362717,5759377,,1,Присед 140 4х4 тяга 130 3х4 наклоны гипер,0
113,1428334943834,5399311,,1,Жим пауза 5с 90-100 9х3 жим гант плечи,0
114,1428507295906,5936886,,1,Присед 165 4х2 тяга 125 2х4 гипер 20 3х15,0
115,1428678037073,6775734,,1,Жим пауза 2с 90-100 3/5/3 слинг 130 4х2 плечи трицерс,0
116,1428939240055,5547476,,1,Присед пауза 130 4х4 тяга до 200х1 наклоны 90 3х6,0
117,1429112050724,3575269,,1,Легк жим 95 3х3 грудь спина бицепс,0
118,1429281879222,5958063,,1,"Присед скамья 140 4х4 ноги, тяга",0
119,1429545876275,4427935,,1,Легкий жим 90 3х3 плечи спина бицепс,0
120,1429717459959,5558972,,1,Присед 140 4х3 тяга яма 160 2х2 плинт 190х3,0
121,1429889789744,7492495,,1,"Жим пауза 2с 95-105 9х3, слинг 135 3х2 грудь плечи трицепс",0
122,1430237411173,8159918,,1,Присед 175 4х2 тяша 140 4х4 наклоны 100 3х6,0
123,1430323537643,6831258,,1,Жим пауза 3с 95-105 9х3 грудь плечи,0
124,1430663610301,5764623,,1,Присед 130 3х3 тяга яма до 175/1 подст 190х4,0
125,1430927485341,8366535,105 второй подход не пошел,1,Жим пауза 5с 95-105 9х3 дожимы 135 4х1 спина бицепс,0
126,1431100351828,7403389,,1,Присед 180 3х2 с паузой 120 2х3 тяша 125 пресс,0
127,1431449111389,5949855,,1,Жим пауза 2с 95-105 3/5/3 плечи,0
128,1431706938942,6803539,,1,Присед пауза 130 3х4 тяга 180 3х3 плинты 190х1,0
129,1431969331788,5680547,,1,Жим пауза 2с 95-105 9х3 слинг 135 2х3 спина бицепс,0
130,1432145715708,7466736,,1,Присед пирамида 175 3х3 тяга яма 100 наклоны 100,0
132,1432312804251,7569840,,1,Жим пауза 3с 95-105 9х3 брусок 135 3х3 плечи,0
133,1432572522152,7367088,,1,Прис пауза 130 4х4 тяга яма 170 плинты 200,0
134,1432745409413,7175883,,1,Жим пауза 5с 95-105 9х3 грудь спина бицепс,0
135,1432914657669,4235119,,1,Полуприсед 170-190 3х2 легкие присед пауза тяга яма,0
136,1433168712370,9201706,,1,Жим пауза 2с 3/5/3 95-105 слинг 135 3х3 грудь плечи трицепс,0
137,1433346486949,4930290,,1,Прис скам 135 2х4 тяга яма 170 2х2 подст 205х3,0
138,1433518715652,2456313,,1,Легкий жим 90 трицепс спина,0
139,1433782666484,5492118,,1,Полуприсед 190 3х2 пауза 140 3х3 тяга 140 2х3,0
140,1433956756559,4755319,,1,Ср жим 95 4х4 грудь спина бицепс,0
141,1434125108693,6498264,,1,Прис пауза 130 4х4 тяга яма 175 2х2 биц бедра,0
142,1434565135258,1957351,,1,Простуда жим 90 4х4 разное,0
143,1435164424319,1857126,,1,После бол 90 4х4 разное,0
144,1435333886894,4038048,,1,"Прис 140 2х3, 165 2х2 тяга 160 2х3",0
145,1435596477073,7608379,,1,Жим пауза 2с 97-107 дожим 135 3х2 спина бицепс,0
146,1435768708171,6932501,,1,Прис скам 140 3х5 тяга яма до 170х1 плинты 200 2х4,0
147,1435940843890,10062716,,1,Жим пауза 3с 97-107 9х3 слинг 140 3х1 спина плечи триц,0
148,1436372310579,8076756,,1,Дим пауза 5с 97-107 9х3 брус 140 2х1 спина бицепс,0
149,1436546559430,6563617,,1,Прис пауза 140 4х4 тяга яма до 177х1 подст 215х1,0
150,1436805782836,9358726,,1,Жим пауза 2с 97-107 3-5-3 слинг 140 4х1 плечи бицепс,0
151,1436978441351,6093699,,1,Присед и становая 140 4х4 наклоны 100 4х10,0
152,1437148792532,8482873,,1,Жим пауза 2с 100-110 брус 140 4х2 разное,0
153,1437409145268,4057107,,1,Прис скам до 160х2 пауза 130 3х3 тяга 2 паузы 140 3х3,0
154,1437582463405,5311397,,1,Жим пауза 3с 100-110 9х3 разное,0
155,1437751966101,4725086,,1,Присед 140 2х3 тяга плинты 210 2х1,0
156,1438014973310,9103778,,1,Жим пауза 5с 100-110 9х3 плечи спина бицепс,0
157,1438186223900,8720039,,1,Присед 177 4х3 с паузой 130 3х3 яма 140 2х5,0
158,1438357655272,8167800,,1,Жим пауза2с 100-110 3/5/3 дожим 135 4х1 спина бицепс ,0
159,1438620102529,4751352,,1,Прис до 140х3 тяга яма до 177х1 подст 200 2х3,0
160,1438792182927,9992633,,1,Жим пауза 2с 105-115 9х3 брус 140 4х1 спина бицепс,0
161,1439400492773,5596354,,1,Прис 170 4х4 тяга яма 140х2 накл 120 3х6,0
162,1439569997013,9685438,,1,Жим пауза 3с 105-115 9х3 слинг 145 4х1 спина бицепс,0
163,1439828880208,4552306,,1,Прис скам до 160х1 тяга 180 3х2 190х1,0
164,1440003429373,9393024,,1,Жим пауза 5с 105-110 9х3 брус 145 3х1 плечи спина бицепс,0
165,1440172517829,6819596,,1,Прис 180 3х2 яма 140 3х4 накл 110 3х6,0
166,1440435674943,9075780,,1,Жим пауза 2с 105-115 3/5/3 слинг 140 3х1 спина бицепс,0
167,1440693866702,5277276,,1,Прис 2паузы 130 3х4 тяга до 180 2х3  200х1,0
168,1440776224644,7576011,,1,Жим пауза 2с 110-120 9х3 брус 145 3х1 спина бицепс,0
169,1441039071437,2071176,,1,Присед 100 6х3 отдых,0
170,1441213664364,4331266,,1,Проходка жим,0
171,1441382081593,5359785,,1,Проходка присед,0
172,1441644156798,4127847,,1,Проходка тяга,0
173,1443459988670,4932240,,1,После отдыха присед жим,0
174,1443631549817,2407569,,1,Тяга 140 4х4,0
175,1443803056691,6660025,,1,Жим слинг 120 7х3 спина бицепс,0
176,1444063027228,5699061,,1,Присед до 140 на выносливость,0
177,1444236807057,5514289,,1,Жим пирамида 105х2х2 плечи спина бицепс,0
178,1444398458654,3766675,,1,Тяга до 160 2х2 гипер 3х12,0
179,1444669176070,8125924,,1,Жим до 120 2х1 грудь плечи спина трицепс,0
180,1444841870733,5558724,,1,Присед выносливость до 145,0
181,1445010658544,7072247,,1,Дожим 140 5х2 жим 120 2х2 спина бицепс,0
182,1445270977349,4411142,,1,Прис 140х3 яма пирам до 160 2х2 накл 100,0
183,1445443429951,7211813,,1,Жим до 120 2х1 гантели лежа и сидя спина,0
184,1445613992139,6109304,,1,Прис выносливость до 150х4,0
185,1445963537116,9927722,,1,Дожим 140 5х2 жим 120 2х2 спина бицепс,0
186,1446217876970,4351398,,1,Тяга до 185 2х1 плинты 190х3 гипер,0
187,1447691351019,2797203,,1,После болезни присед 120 4х4 жим 100 3х3,0
188,1447864717655,2968260,,1,После бол тяга до 140х3 жим 110 3х2,0
189,1448036406060,4478681,,1,Прис 150 4х3 тяга до 140х3,0
190,1448297463766,5335544,,1,Жим до 120 2х1 плечи трицепс,0
191,1448470998309,4611218,,1,Прис 120 3х3 тяга яма 140 2х3 наклоны 130 3х10,0
192,1448644956904,5883358,,1,Жим 105 4х4 плечи спина трицепс,0
193,1449076394320,9443858,,1,Присед до 170 2х1 тяга наклоны гипер,0
194,1449244518919,6605374,,1,Жим до 110 4х4 плечи трицепс спина,0
195,1449508276763,4835262,,1,Прис 130 2х5 яма до 150 2х3 165х1,0
196,1449679659038,6129264,,1,Жим до 110 2х1 слинг до 132 2х2 жим спина бицепс,0
197,1449850215104,6794919,,1,Присед 160 4х4 тяга до 135х5,0
198,1450111846785,2724506,,1,Простыл жим 100 5х2 плечи спина,0
200,1450717281887,3125607,,1,После простуды жим 90 присед 120,0
201,1450888995770,2471458,,1,Жим 105 4х2 плечи,0
202,1451058808502,5032640,,1,Прис 130 4х4 яма до 150х3 накл 100 3х8,0
203,1451321821456,5329297,,1,Жим 102 3х3 107 2х2 пдечи трицепс,0
204,1451487108853,7443677,,1,Присед 170 3х3 с 2 паузами 120 3х3 тяга 130,0
205,1451921820300,5067289,,1,,0
206,1452095557715,3849095,,1,Прис 130 3х4 яма 160 3х2,0
207,1452272906257,6028528,,1,Дожимы и слинг 140 4х2 спина биц,0
208,1452530470321,5666559,,1,Прис 2 паузы 160 3х3 скамейка яма накл,0
209,1452703185737,7982602,,1,Жим до 112 3х2 грудь спина биц,0
210,1452874583539,4966108,,1,Прис 130 4х4 яма 170 3х2 плинт200х3,0
211,1453137330182,7379550,,1,Жим до 122 2х1 плечи спина биц,0
212,1453307187934,7139922,,1,Прис 170 2х2 яма 160 накл гипер,0
213,1453479008396,7781189,,1,Жим 100 5х5 110 2х2 плечи руки,0
214,1453743197112,4375399,,1,Прис пауза 120 3х3 яма 150 4х3 пл 205х3,0
215,1454084094809,8309765,,1,Жим 110 3х3 120 2х2 плечи спина биц,0
216,1454236978513,6010004,,1,Прис 160 2х2 170 2х1 плинт до 210х1 гипер,0
217,1454517387781,6506080,,1,Жим 107 4х4 плечи спина биц,0
218,1454685850247,5164458,,1,Прис скам 130 3х3 яма 160 3х2 плинт 200 2х2,0
219,1454948610439,7163055,,1,Слинг 145 5х2 жим 100 4х3 разное,0
220,1455123165713,170959978,,1,Ноги разное,0
221,1455287596592,1738982,,1,Прис 100 4х4 плинты 160-180 легко,0
222,1455554138506,5034138,,1,Жим 95 3х4 110 4х2 разное,0
223,1456766347458,4483360,,1,После болезни жим присед,0
224,1456936988235,2860420,,1,После болезни тяга 140 спина бицепс,0
225,1457105715263,5487473,,1,Жим до 115 2х1 разное,0
226,1457541656950,7423365,,1,Прис 160 3х3 170 2х1 яма 120 гипер,0
227,1457711332047,6203114,,1,Жим до 125 2х1 слинг 140 2х2 разное,0
228,1457974669532,4198472,,1,Прис пауза 130 3х4 яма 160 3х1 плинт 200х4,0
229,1458315040094,7582867,,1,Жим 130 3х1 слинг 147 3х2 разное,0
230,1458578896674,23222,,1,Прис 180 4х2 яма наклоны 140 гипер,0
231,1458751846826,7405927,,1,"Жим 120 4х2 гант под углом и сидя,разн",0
232,1458919977679,5137164,,1,Прис пауза 140 яма до 170 плинт 210,0
233,1459184484280,6251159,,1,Жим 90 3х5 100 3х4 107 2х4 разное,0
234,1459357947504,5784680,,1,Присед 170 4х3 тяга до 140х1,0
235,1459524146970,8275442,,1,Жим 115 3х4 дожим 130 3х1 разное,0
236,1459790332129,6504162,,1,Прис скам 135 3х4 тяга 180х2-200х1,0
237,1459960944931,7254501,,1,Слинг 145 3х2 жим 115 4х3 разное,0
238,1460131945041,7405056,,1,Прис 160 3х2 180 2х2 яма 140 накл 120,0
239,1460393181298,7165153,,1,Жим 110 4х3 120 3х2 127х1 разное,0
240,1460566244302,5358626,,1,Скам 130 яма до 180х1 плинт 205 2х1,0
241,1460738131714,6206608,,1,Жим 90 5х6 100 4х5 110 3х3 разное,0
242,1460997667180,6885756,,1,Присед до 200 тяга 120,0
243,1461170139556,7877249,,1,Жим 127 6х2 спина бицепс,0
244,1461340792169,3143697,,1,Прис пауза 130 3х3 тяга 140 5х4,0
245,1461601339677,5341149,,1,Жим по 5 100-115 грудь спина биц,0
246,1461776035649,8490459,,1,Прис до 185 3х1 яма до 150х3,0
247,1461945400615,3781976,,1,Грудь плечи спина легко,0
248,1462378543722,5072173,,1,Присед скам 130 3х4 тяга до 200,0
249,1462548895012,8506788,,1,Жим 110-130х3-1 6 подх. Разное,0
250,1462812987616,3415001,,1,Легк прис до 160х3 тяга до 140х4,0
251,1462984739579,6894142,,1,Жим 110 4х3 разное,0
252,1463152615934,5131424,,1,Прис пауза 130 яма до 200х1 накл 130,0
253,1463415091243,6449649,,1,"Жим до 90,100,110х6 разное",0
254,1463588160340,5945474,,1,Прис 192 3х2 тяга 60-140 х 3,0
255,1463758073642,6018072,,1,Жим слинг 145 4х2 разное,0
256,1464020728277,5068660,,1,Проходка тяга,0
257,1464194697490,6087221,,1,Жим 120 3х3 разное,0
258,1464363658097,1963610,,1,Легк присед до 160х2 тяга до 140,0
259,1464626912711,6474925,,1,Слинг 150 5х3 спина трицепс,0
260,1464800516133,3628625,,1,Присед до 160 2х1 тяга до 140х5,0
262,1464968577392,4231204,,1,Легк жим до 110х3 спина бицепм,0
263,1465231188067,4170504,,1,"Прис скам, тяга плинты до 220х1",0
264,1465405986114,5794476,,1,Жим слинг до 130-140х6 спина биц,0
265,1465574389237,2287957,,1,Легкий присед и тяга 140,0
266,1465922290273,6180244,,1,Жим 112 7х3 125 3х1,0
267,1466183711928,3805262,,1,Много приседа 100х12-160х4,0
268,1466441965453,6906075,,1,Жим 110 3х3 117 4х2 разное,0
269,1466785652270,2803992,,1,Прис 120 3х3 яма до 189,0
270,1467046879322,5750577,,1,Жим 90 10х10,0
271,1467217939552,3362609,,1,"Прис до 170х1 яма, наклоны",0
272,1467385973190,4703651,,1,Грудь плечи спина бицепс,0
273,1467650900609,2059274,,1,Прис скам 130 3х3 тяга до 180,0
274,1467823302616,6068002,,1,Жим 90 4х5 100 4х4 110 4х3 разное,0
275,1467993581078,7663182,,1,Прис 160 4х4 180 3х2 пауза тяга,0
276,1468254231766,8737866,,1,Жим 90-110 12х6-4 разное много,0
277,1468425741566,3372479,,1,Прис скам 130 тяга 160 4х2 гипер,0
278,1468595233840,5310636,,1,Жим до 120 2х2 плечи трицепс,0
279,1469464291255,5452194,,1,Прис до 160 жим 100 4х4 110 3х3,0
280,1469806797500,4775182,,1,Прис до 160 жим 100 4х4 110 3х3,0
282,1471014560644,4551836,,1,Прис до 160 жим 100 4х4 110 3х3,0
283,1471277876088,6828426,,1,Много жим до 120х2 разное,0
284,1471619401464,2816130,,1,Прис до 160х1 тяга до 140х5,0
285,1472056244455,7206117,,1,Много жим до 115 3х3 разное,0
286,1472220630455,3724126,,1,Прис до 160х2 тяга 140 4х3,0
287,1472490823108,6041593,,1,Жим до 120 3х1 разное,0
288,1472749146839,7693719,,1,Прис 140 4х4 тяга 160 3х4 170 3х2,0
289,1472831328779,5606951,,1,Жим 100 4х6 110 5х5 спина руки,0
290,1473094130382,5157007,,1,Присед 150 4х4 яма до 140х5,0
291,1473264748411,6049230,,1,Жим 100 5х5 110 4х4 плечи спина биц,0
292,1473700109894,5380695,,1,"Прис пауза, плинты 200 3х2 яма до 160",0
293,1473869143759,6601908,,1,Жим 100 4х4 110 3х3 117 2х2 разное,0
295,1474040779121,5363481,,1,Прис 130 плинты 190 2х2 яма до 140х5,0
296,1474302010833,4815691,,1,Жим 110 10х2 разное,0
297,1474474471107,6477286,,1,Присед 140 4х4 160 3х3 тяга до 140х5,0
298,1474907383138,5840345,,1,Жим 80-120 14х5-2 разное,0
299,1475081438251,6098033,,1,Прис 140х3 плинты 190 5х4 яма до 140х5,0
300,1475250822957,6650101,,1,Жим 110 4х4 плечи спина руки,0
301,1475512927280,7597733,,1,Прис 160 2х3 180 3х2 яма,0
302,1475686262316,7713996,,1,Слинг 120 4х4 130 3х3 разное,0
303,1475855376730,4967759,,1,"Прис скам, плинты 195 4х4",0
304,1476113261939,5634339,,1,Жим 115 4х4 разное,0
305,1476288896623,6174799,,1,Прис 170 4х2 яма 120 2х5,0
306,1476460486212,5381024,,1,Жим 110 3х3 много допов,0
307,1476723233201,5148116,,1,Прис пауза 140 плинты 195 4х4 яма,0
308,1476895092710,5774330,,1,Жим 90 5х5 100 4х4 110 3х3 разное,0
309,1477067313845,5780476,,1,Прис 170 3х2 яма 130 3х3 накл 120,0
310,1477326152550,6330768,,1,"Жим проходка по 2, спина руки",0
311,1479141174870,3780067,,1,После бол прис 140 жим 100 по 3х3,0
312,1479314409335,1669348,,1,Жим 102 3х4 тяга до 140х3,0
313,1479486125089,4181819,,1,Прис 140 4х4 тяга 130 4х4,0
314,1479833308296,5023864,,1,Жим 110 5х2 разное,0
315,1479918019272,3681315,,1,Прис 120 яма 140 4х4 наклоны,0
316,1480092368799,5325197,,1,Жим на 2 разное,0
317,1481734598432,2504282,,1,После бол жим руками и ногами,0
318,1482167152965,5072328,,1,Жим до 100 3х3 прис до 130 2х2,0
319,1482511086484,3643786,,1,Жим до 120 2х1 тяга 140 3х3,0
320,1482943379633,4359617,,1,Прис 140 4х4 тяга 140 3х3,0
321,1483978295085,3863877,,1,Прис 140 4х4 жим 100 4х4,0
322,1484152750402,5328585,,1,Прис 120 4х4 тяга 140 4х3 накл 80,0
323,1484321898552,5032434,,1,Прис 135 жим 105 4х4 тяга 140 3х5,0
325,1484758164211,4568953,,1,Прис 160 3х3 жим 85 яма 120,0
326,1484991301264,4916547,,1,Прис груд 100 4х4 жим 80 яма 140 3х3,0
327,1485275592971,5014608,,1,Прис пауза 130 жим 90 тяга 160 3х3,0
328,1485446934155,3719605,,1,Прис скам 140 жим 110 3х3 яма до140,0
329,1485531246883,7023224,,1,Прис 160 4х2 жим ср хв 90 тяга 140,0
330,1485792168582,4152799,,1,Прис 120 жим 120 3х2 тяга 130,0
331,1485967364740,4971052,,1,Прис 170 3х2 жим 90 яма 120,0
332,1486210809861,4049174,,1,Прис 100 жим 95 тяга 160-190х1,0
333,1486399246967,3974735,,1,Жим пирам до 120 разное,0
334,1486572480290,6008428,,1,Прис 160 3х3 яма 130 3х3,0
335,1487003781021,6224808,,1,Жим 120 3х1 слинг 130 3х2 разное,0
336,1487175493602,4921158,,1,Прис скам 140 яма 160 подст 200,0
337,1487431469442,8043658,,1,Брус 130 3х2 140 3х1 разное,0
338,1487610524083,6401050,,1,Прис 160 4х4 яма до 140 накл 100,0
339,1487946282596,5887564,,1,Жим 100 5х5 110 4х4 разное,0
340,1488211556230,6307884,,1,Прис2пауз 130 тяга 160 4х4 180 3х3,0
341,1488386204292,6975917,,1,Жим до 110 5х3 спина руки,0
342,1488641464912,6159766,,1,Прис 160 3х3 180 2х2 яма до 140,0
343,1490629255350,2708226,После бол жим 90 4х4 прис 120 4х4,1,После бол прис 140 жим 100 по 3х3,0
344,1490803922058,4899733,,1,Жим 97 5х5 прис 135 4х4,0
345,1490973146157,2991135,,1,Жим 85 5х5 95 4х4 в.блок молот,0
346,1491319038963,4106320,,1,Жим 90 5х5 100 4х4 разное,0
347,1491489115937,4674724,,1,Прис 150 4х3 яма 120 наклоны 80,0
348,1491924011164,4208116,,1,"Жим 80,90,100 4х4 разное",0
349,1492101421090,5712472,,1,Скам 130 4х4 яма 140 3х3 160х1 накл,0
350,1492791566893,4446876,,1,"Жим 95 5х5, 105 4х4 разное",0
351,1493303432363,5448722,,1,Прис 150 тяга 160 все 4х4 накл 100,0
352,1493913718073,5400987,,1,"Жим 80,90 4х4 100 3х3 плечи спина",0
353,1495558601259,4347445,,1,"Жим 80,90 4х4 100 3х3 плечи спина",0
354,1495646120161,4388551,,1,Прис 140 4х4 тяга 130 4х4,0
355,1495808923524,6455970,,1,,0
356,1496252767243,162453531,,1,Тяга до 160х2 прис 120 3х3,0
357,1496416502698,6639578,,1,Жим до 105 3х3 спина плечи бицепс,0
358,1496679779821,0,,2,Скам 130 4х4 яма до 160х2 пл 180 2х1,0
359,1498231621070,6173054,,1,Перерыв жим 90 прис 130,0
360,1498498911191,1848099,,1,Тяга 130 3х3,0
361,1498671369547,3810251,,1,Жим 95 6х6 накл жим 60 6х6 разное,0
362,1499185853147,5709626,,1,Прис 130 жим 90 тяга 130 по 4х4,0
363,1499442145296,5623145,,1,"Жим гантелей разный, допы",0
364,1500485352309,3513204,,1,Прис 120 жим 90 тяга 120 по 4х4,0
365,1500732097113,4546818,,1,Прис 135 4х4 жим 97 4х4,0
366,1500914645804,6380782,,1,Жим 95-5х5 105-4х4 сидя 60 4х4 разное,0
367,1501086503291,4572404,,1,Прис 120 4х4 яма 130 4х3 пл 160 2х1,0
368,1501256476865,7293098,,1,Жим 90 5х5 100 4х4 накл 70 5х5 разное,0
369,1501518103588,4840483,,1,Прис 120 яма 140 3х4 накл 80,0
370,1501691182060,4838970,,1,Жим 95 4х4 105 3х3 спина руки,0
371,1501859712666,6817497,,1,Прис 150 4х4 тяга 120 накл гипер,0
372,1502116518341,5294679,,1,Жим 100 3х6 разное,0
373,1502295509702,5215751,,1,Прис 120 4х4 яма 140 2х3 пл 170 2х1,0
374,1502728308984,5707232,,1,Жим 102 6х3 разное,0
375,1502902780043,6226331,,1,Скам 130 яма до 160х2 пл 190 3х1 накл,0
376,1503072714215,4520967,,1,Жим 105 6х2 разное,0
377,1503327603595,5916675,,1,Прис 140 3х3 160 2х2 тяг130 разн,0
378,1503505915992,6467014,,1,"Слинг проходка по 4, разное",0
379,1503756610837,172436969,,1,Скам 120 тяга 160 3х3 170 2х1,0
380,1503937713752,187086273,,1,Жим 100 3х3 110 2х2 гант 5х6 разн,0
381,1504114931400,6308865,,1,Прис 160 4х3 яма 120 ноги гипер,0
382,1504954264764,1819030,,1,,0
383,1505320801773,5383991,,1,Жим 90 5х5 100 4х4 110 3х3 разн,0
384,1505560846217,3877239,,1,Прис 120 тяга до 160 2х2,0
385,1505838799571,6342804,,1,Жим 100 5х5 110 4х4 разн,0
386,1506010498722,5693163,,1,Прис 140 4х4 150 2х3 яма 120 4х4,0
387,1506529780911,6864906,,1,"Жим 110 6х3 накл жим 80, 90 разн",0
388,1507305077345,6246666,,1,Жим 100 5х5 107 4х4 разн,0
389,1507568589138,7610012,,1,Прис 140 4х4 160 3х3 яма 120 накл 80,0
390,1508000577308,6371620,,1,Жим 105 6х6 разн,0
391,1509644613679,11346369,,1,После пропуска прис 120 жим90,0
392,1509806624483,4761388,,1,Жим 95 5х5 прис 130 5х5,0
393,1510252537153,4029374,,1,Прис 110 тяга 120,0
394,1510594879390,4358653,,1,Жим 105 5х5 накл 90 5х5 разн,0
395,1510937818258,7919525,,1,Прис 130 3х3 140 2х2 150 2х1 яма разн,0
396,1511372825406,4239497,,1,Жим 100 4х4 110 3х3 разн,0
397,1511800838066,7064815,,1,Прис 100 тяга 152 5х2,0
398,1511976073168,8220522,,1,Жим 107 4х4 115 3х3 122 2х2 разн ,0
399,1512409810569,6301786,,1,Полуприсед 190 3х1 разное,0
400,1512583104735,5101086,,1,Жим 110 4х4 115 3х3,0
401,1512750437982,8157387,,1,Скам 125 яма 140 4х4,0
402,1513097789078,7300071,,1,Прох в слинге на 2 100+5 разн,0
403,1513270674021,6663068,,1,Прис 140 3х3 150 2х2 160 2х1 тяга 120,0
404,1515602908918,4453727,,1,После пропуска прис 120 жим90,0
405,1515776479822,7494218,,1,Жим 100 5х5 прис 130 5х5,0
406,1516036569299,3868317,,1,Прис 110 тяга 120,0
407,1516208854336,6463879,,1,Жим 105 5х5 накл 90 5х5 разн,0
408,1516383400830,7345752,,1,Прис 130 3х3 140 2х2 150 2х1 яма разн,0
409,1516640904242,7271755,,1,Жим 100 4х4 110 3х3 разн,0
410,1516988331700,6585719,,1,Прис 120 4х4 тяга 152 5х2,0
411,1517243543753,6765635,,1,Жим 107 4х4 115 3х3 122 2х2 разн ,0
412,1517505165744,7143606,,1,Полуприсед 190 3х1 разное,0
413,1517940132803,5291930,,1,Жим 110 4х4 115 3х3,0
414,1518194999309,6123781,,1,Скам 125 яма 140 4х4,0
415,1518532991825,4970321,,1,Прох в слинге на 2 100+5 разн,0
416,1518798187833,6200706,,1,Прис 140 3х3 150 2х2 160 2х1 тяга 120,0
417,1519230096545,6955205,,1,Жим 100 3х3 110 2х2 гант 5х6 разн,0
418,1519404600133,5265607,,1,Прис 130 плинты 160-170-190 накл,0
419,1519921713694,5997288,,1,Жим пирам до 120 разное,0
420,1520100213242,4607868,,1,ПСЧ прис 140 4х4 тяга пауза 120 3х3,0
421,1521302567925,3882902,,1,После пропуска прис 120 жим100,0
422,1521476534940,3032155,,1,Жим 100 5х5 прис 130 5х5,0
423,1521646819159,4166541,,1,Прис 130 5х5 тяга 130 5х5,0
424,1521904432556,6608622,,1,Жим 105 5х5 накл 90 5х5 разн,0
